Customer_ID,Customer_name,Postcode,State,DOB,Phone number,Employment status,Onboard date,Offboarded_date,Active_customer,Number of accounts
1,Kathy Fleming,2038,NSW,6/02/1999,698430213,Full time,15/07/2019,7/01/2021,Y,2
2,Bonita Barco,2026,NSW,12/11/2000,620469045,Student,23/11/2013,18/05/2019,N,2
3,Emilee Tomassi,2038,NSW,12/09/2010,687571128,Student,12/09/2010,,Y,2
4,Gilda Lehman,2612,ACT,15/12/1999,638197189,Student,12/10/2016,,Y,2
5,Rozanne Ervin,3025,VIC,20/11/1996,651902900,,22/05/2011,,Y,1
6,Anna Calhoun,3027,VIC,10/09/2003,661642035,Full time,13/07/2019,,N,2
7,Theresa Campbell,3036,VIC,29/07/1999,634099868,Student,21/10/2015,,Y,2
8,Joseph Quinones,2609,ACT,8/12/2001,665230745,Part time,19/08/2016,,Y,2
9,Joanne Foster,2903,ACT,11/09/1999,671837076,Student,26/09/2012,,N,2
10,Joseph Evans,3013,VIC,20/02/1987,673765194,,6/03/2002,1/02/2006,N,2
11,Kevin Richardson,2027,NSW,12/06/1989,645236015,,24/08/2014,,Y,2
12,Patricia Youree,2027,NSW,,655633766,Part time,4/10/2010,,Y,1
13,Tommy Marshall,2031,NSW,17/09/1994,635468109,Part time,6/11/2007,,N,2
14,Tammy Vigil,2028,NSW,8/02/1994,658157612,Full time,22/02/2010,22/10/2016,N,2
15,Joseph Marin,2038,NSW,12/02/1998,696284653,Part time,30/06/2010,,N,2
16,Margaret Peebles,2606,ACT,25/02/1994,672210062,Unemployed,30/10/2014,,Y,2
17,Lillian Maxwell,3023,VIC,23/09/1994,623819099,,27/11/2014,,Y,2
18,Bill Ervin,4035,QLD,10/06/1989,691210137,Full time,10/04/2006,,Y,2
19,Roger Buchheit,2612,ACT,13/06/1999,661614948,Full time,13/03/2016,30/04/2020,N,2
20,Nicholas Hill,3037,VIC,1/07/1994,631525937,Student,24/03/2014,12/02/2019,N,1
21,Mark Cox,3038,VIC,,673690463,,12/05/2016,3/10/2017,N,2
22,Debra Patterson,3029,VIC,4/06/1998,639499748,Student,17/02/2016,13/05/2018,N,2
23,Judith Gough,2040,NSW,5/10/1994,691437122,Full time,2/03/2009,6/10/2019,Y,2
24,Ian Cashio,3015,VIC,10/08/1992,641359110,Part time,9/12/2017,,Y,2
25,Lashaun Johnson,3025,VIC,10/12/1993,696692560,Full time,16/01/2021,,Y,2
26,Gillian Lesane,2900,ACT,10/03/1994,643810694,Full time,21/01/2016,14/04/2020,N,2
27,Melissa Toban,3048,VIC,21/04/1985,630636616,,5/11/1998,,Y,2
28,Laura Gaddis,3048,VIC,23/09/1991,635612064,Part time,5/10/2006,,Y,2
29,Shirley Luna,3022,VIC,9/12/1988,665411001,Part time,1/08/2011,,Y,2
30,Marie Fisher,2033,NSW,14/09/2000,651043839,Part time,7/02/2017,1/08/2020,Y,2
31,Donn Martinez,4003,QLD,9/04/1989,623045365,Full time,5/04/2017,,Y,2
32,Jessica Johnson,4020,QLD,,627865970,Full time,5/12/2010,,Y,1
33,Mary Pillow,3029,VIC,19/09/2000,689849056,Full time,19/09/2015,,Y,2
34,Edith Bradley,613,NZ,18/04/1993,654073281,Unemployed,9/05/2009,,Y,2
35,Jorge Farr,2042,NSW,10/01/1996,627296717,Full time,17/09/2008,,Y,2
36,Johnnie Montes,2033,NSW,20/02/2021,664283233,Full time,6/05/2007,,Y,2
37,Carmen Nez,2049,NSW,21/07/1971,662479635,Student,30/12/2008,24/06/2002,Y,2
38,Dawn Hodges,2617,ACT,16/02/1973,657397833,Part time,27/11/2016,,Y,2
39,Hans Madden,2038,NSW,,676927831,Part time,4/12/2012,,Y,1
40,Angel Remaley,2602,ACT,26/02/1973,686194049,Full time,27/06/2000,27/08/2005,Y,2
41,Seth Ashbaugh,4066,QLD,21/11/1978,697629455,Full time,2/06/1994,19/03/2003,Y,2
42,Mary Walsh,2616,ACT,21/05/1982,677046198,Part time,30/12/2004,,Y,2
43,Doug Sims,4037,QLD,30/03/1992,667285385,Full time,10/05/2004,,Y,2
44,Raymond Portsche,2903,ACT,16/02/1980,628438009,Full time,13/03/2018,,Y,1
45,Dixie Cochrane,2031,NSW,9/11/1984,667510117,Part time,6/11/2004,,Y,2
46,Lizbeth Alpaugh,3025,VIC,1/01/1900,657518537,Full time,11/05/2006,,Y,1
47,Sarah Fleenor,3028,VIC,22/10/1979,633683302,Student,29/11/1994,,Y,2
48,Charles Mcdaniel,2901,ACT,3/03/1971,693922905,Part time,22/10/2007,,Y,2
49,Ashlee Jaramillo,3025,VIC,24/04/1967,630210157,Full time,26/06/2008,,N,1
50,Betty Myers,3046,VIC,10/11/1989,614217748,Part time,2/03/2017,,Y,2
51,Vilma Rider,3043,VIC,20/06/1975,679467129,,20/06/1975,,Y,2
52,Brian Shiroma,3022,VIC,14/11/1980,668835766,Full time,26/02/2020,16/04/2021,Y,2
53,Jeanne Mcleod,2026,NSW,,680028158,Student,22/07/2020,,Y,2
54,Isaac Rivers,2044,NSW,23/10/1981,688990172,,12/03/2007,,Y,2
55,Kate Humphrey,4067,QLD,13/06/1969,662825809,Part time,16/08/2004,,Y,2
56,Willie Salvador,2040,NSW,31/03/1989,637882462,Full time,22/09/2011,12/05/2019,Y,2
57,Evangeline Soria,2035,NSW,13/10/1981,675866010,Full time,15/06/1998,,Y,2
58,Louis Laso,4011,QLD,30/08/1981,695082557,Full time,26/02/2013,1/10/2019,N,2
59,James Sandlin,3032,VIC,8/05/1983,643990696,Part time,29/11/2003,,Y,2
60,Lee Silva,2606,ACT,14/04/1984,669365926,Part time,24/03/2006,,Y,1
61,Gerald Murray,3076,VIC,7/07/1984,698364567,Full time,23/01/2009,15/09/2014,Y,2
62,Neil Pratt,3043,VIC,22/03/1983,651353621,Full time,18/10/1995,,Y,2
63,Jean Reyes,3027,VIC,8/01/1969,634121750,Part time,21/01/2002,,Y,2
64,Lonnie Buckner,4014,QLD,,654744734,Part time,11/10/1991,,Y,2
65,Jacqueline Hogue,2030,NSW,22/09/1984,672294935,Full time,5/08/2020,,Y,2
66,Josephine Teodoro,3050,VIC,11/02/1971,666384902,Full time,21/01/1986,19/02/2019,Y,2
67,Corey Blackerby,2614,ACT,3/09/1973,671419162,Unemployed,21/02/2008,,Y,2
68,John Bermudez,3031,VIC,20/09/1972,689211994,Unemployed,5/02/1989,16/05/2000,N,1
69,Marisol Rotella,2086,NSW,16/01/1983,682634671,Full time,21/09/2016,,Y,2
70,Margaret Fisher,4013,QLD,24/09/1983,654730817,Full time,24/04/1995,25/02/2017,N,2
71,Patricia Mccallister,3023,VIC,14/05/1970,691048236,Full time,22/06/1996,12/01/2002,N,1
72,Susan Koo,3018,VIC,15/10/1980,661011480,,15/03/2006,16/07/2017,Y,2
73,Ira Schille,4069,QLD,18/10/1988,625271782,Part time,2/03/2004,,Y,2
74,Bridget Fox,4021,QLD,20/10/1961,641113145,,18/06/1976,,Y,2
75,James King,3033,VIC,28/09/1981,692231694,Full time,24/08/2000,25/03/2002,N,2
76,Edmund Curry,2046,NSW,22/08/1999,677828196,Unemployed,20/06/2015,25/12/2015,Y,2
77,Kathleen Seymer,4010,QLD,6/12/1968,686907291,Full time,9/02/2001,,Y,1
78,Robert Hamm,2029,NSW,,665436969,Unemployed,29/09/2020,13/03/2021,N,2
79,Anna Walsh,2034,NSW,20/08/1874,623029906,,23/12/2014,10/12/2017,N,1
80,Lisa Mcguigan,2608,ACT,6/03/1981,649979400,,17/03/1996,,N,2
81,Stanley Rodriguez,2029,NSW,29/07/1976,639511652,,24/07/2005,,N,2
82,Alice Polley,604,NZ,30/05/1977,673993232,,2/07/2016,13/08/2017,N,1
83,Kenneth Howard,4014,QLD,2/03/1958,642931891,Unemployed,8/12/1981,31/10/1992,Y,2
84,Gail Bell,4030,QLD,15/06/1980,667797460,Unemployed,10/08/2005,5/08/2015,N,2
85,Mary Allen,2904,ACT,3/10/1976,669211686,Part time,28/10/2015,,Y,2
86,Jorge Holsten,2040,NSW,22/04/1962,690503447,,4/10/2017,,Y,1
87,Ivan Killingsworth,4009,QLD,19/08/1971,662262383,,15/02/1990,,Y,2
88,Elizabeth Plaut,2616,ACT,23/04/1989,641117596,Full time,22/09/2014,,Y,2
89,Ronald Brownfield,4005,QLD,30/05/1980,612389031,,12/11/2003,12/05/2017,N,2
90,Shannon Stribling,2902,ACT,,616659753,Unemployed,26/12/1995,,Y,2
91,Rebecca Dembitzer,2037,NSW,31/07/1981,689643568,Unemployed,21/07/2000,,Y,1
92,Sheryl Vogt,3026,VIC,,649433887,Full time,23/05/1985,23/05/1985,N,2
93,Deborah Myles,2029,NSW,19/01/1994,662724273,Full time,10/12/2012,,Y,1
94,Jose Snead,2041,NSW,13/07/1988,665682202,Unemployed,20/12/2001,13/02/2007,N,2
95,Martha Moss,3037,VIC,31/10/1973,696196525,Full time,21/04/2002,,Y,2
96,Jeffrey Fischer,2045,NSW,21/11/1977,650102929,Unemployed,22/09/2000,,Y,2
97,Megan Covington,2029,NSW,15/11/1981,665443810,Part time,10/03/2009,15/04/2019,Y,2
98,Martha Mccarty,2610,ACT,13/05/1984,611284114,Full time,4/12/1999,,Y,2
99,Juanita Schoonover,2036,NSW,29/06/1988,632389664,,4/02/2021,27/03/2021,N,2
100,Marilyn Soto,2041,NSW,6/06/1977,659981774,Unemployed,31/07/2008,,Y,2
101,Robert Moffett,4014,QLD,12/02/1976,643402798,Full time,19/11/2015,,Y,2
102,Marjorie Shafer,2034,NSW,27/07/1974,642713484,Part time,24/09/2012,,Y,1
103,Tanya Temple,2048,NSW,8/11/2020,672796539,Student,30/06/1981,15/01/2010,N,2
104,Dwight Riffle,4019,QLD,26/07/1968,694509657,Part time,30/09/1981,,Y,2
105,Russell Wilhelm,2047,NSW,5/11/1958,663240738,Unemployed,6/09/2001,,Y,2
106,Theresa Williams,4020,QLD,7/09/1969,676601453,Unemployed,10/12/1981,,Y,2
107,Matthew Green,2045,NSW,24/12/1957,612645086,Full time,28/04/2009,,Y,2
108,Justin Weber,2060,NSW,29/04/1956,651070697,Part time,2/01/1972,27/02/2002,N,2
109,Mary Tate,2025,NSW,28/01/1962,650314100,Full time,15/08/1973,,Y,2
110,Harvey Dunn,4051,QLD,30/08/1967,642162028,Part time,23/06/2019,24/12/2020,Y,2
111,Mitchel Dale,2037,NSW,25/08/1950,632789852,Full time,14/09/2009,,Y,1
112,David Currie,2038,NSW,9/12/1963,661148321,Unemployed,2/03/1981,,Y,2
113,Karla Sierra,4008,QLD,,613758934,Full time,7/03/1969,18/06/2013,Y,2
114,Steven Stumpf,2029,NSW,1/12/1960,626806810,Full time,12/08/1993,,Y,2
115,Irene Sanchez,2610,ACT,17/10/1972,676287584,Part time,25/06/2014,,Y,2
116,Robert Mealer,2616,ACT,,695066789,Student,28/10/1977,,Y,2
117,Francisco Parker,2601,ACT,9/08/1970,687160804,Unemployed,5/12/1997,2/12/2010,N,2
118,Kent Halyk,4022,QLD,1/01/1953,680869332,Unemployed,27/04/1997,,Y,1
119,Marc Jones,3022,VIC,22/12/1959,685678431,Full time,11/07/1992,,Y,1
120,Daniel Alvarez,2037,NSW,30/10/1962,675112369,Full time,22/04/2013,,Y,1
121,Jan Mitchell,2043,NSW,16/11/1962,632092766,Full time,1/02/2020,,Y,2
122,Samuel Myers,2900,ACT,2/02/1974,663784747,Full time,13/06/2003,,Y,2
123,Irma Soolua,3032,VIC,20/10/1974,633123078,Unemployed,10/07/2020,,Y,2
124,Stanley Coffey,2052,NSW,14/05/1956,642672519,Unemployed,28/01/2016,,Y,1
125,Sha Metzler,2034,NSW,4/01/1981,636220131,Full time,1/01/1901,,Y,2
126,Gina Wilson,4064,QLD,20/01/1986,691453523,Part time,29/08/1998,,Y,2
127,Russell Dennison,2028,NSW,25/01/1972,664836255,Part time,25/08/2003,10/04/2011,N,2
128,Cherly Mcdonald,2030,NSW,3/07/1980,629457553,Full time,20/11/2002,,Y,2
129,Leo Figueroa,3028,VIC,,626393116,Unemployed,16/05/1979,,Y,2
130,Rachel Lamb,2043,NSW,30/05/1967,613612761,Part time,21/03/2015,,Y,1
131,Hazel Diehl,2044,NSW,6/12/1962,693603478,Part time,18/10/2019,,Y,2
132,Christopher Martinez,2047,NSW,10/08/1971,655347555,,25/03/1984,20/05/1984,N,1
133,David Branam,4064,QLD,25/02/1979,618754985,Full time,14/05/1992,,Y,2
134,James Douglas,4032,QLD,,610067042,Unemployed,17/02/1973,,Y,2
135,Wendy Garcia,2036,NSW,12/12/1952,651287574,Full time,10/04/1995,,Y,2
136,Donna Hirsch,2026,NSW,26/12/1939,687375752,Unemployed,1/01/1901,,N,2
137,Audrey Ellefson,4036,QLD,7/09/1949,649682023,Unemployed,11/01/1998,,Y,2
138,Joseph Hansen,2029,NSW,22/03/1943,626599409,,12/08/2008,26/05/2017,N,2
139,Lynn Andersson,2020,NSW,3/03/1941,625346941,Unemployed,3/08/1958,,Y,2
140,John Sparacio,3046,VIC,29/05/1935,663353761,Unemployed,1/01/1901,1/06/2020,N,2
141,Stacey Copley,2026,NSW,15/08/1934,644327529,Unemployed,22/12/2016,,Y,1
142,James Singleton,2037,NSW,,671854194,Unemployed,14/06/1944,,Y,2
143,Sondra Lloyd,3025,VIC,2/01/1949,623389764,,20/08/1964,,Y,2
144,Vanessa Manley,4011,QLD,8/09/1937,634669609,Unemployed,17/05/1974,,Y,2
145,Anthony Anderson,3002,VIC,1/01/1947,698847148,Unemployed,15/09/1992,2/07/2015,N,2
146,Keith Camacho,2032,NSW,21/02/1933,619643206,,1/01/1901,,N,1
147,Paul Davis,2049,NSW,18/10/1932,652662508,Unemployed,28/12/2014,,Y,2
148,Mary Macfarland,2614,ACT,16/05/1937,668733858,Full time,19/01/2021,,N,2
149,Helen Navarro,4037,QLD,11/05/1927,681537185,Unemployed,10/10/2016,30/05/2017,N,1
150,Regena Hodgkins,2032,NSW,,638860468,,20/08/1975,8/07/2004,N,2
